{"intercept": 3.9091258760489067, "fit_core": ["\u306f\u304c\u306d", "\u3053\u304a\u308a", "\u3067\u3093\u304d", "\u3042\u304f", "\u30b4\u30fc\u30b9\u30c8"], "coef": {"\u306f\u304c\u306d": {"res": 1.8933904477686134, "dbl": 0.09970775407198922, "weak": -0.021231907036240543}, "\u3053\u304a\u308a": {"res": -0.5067679543217599, "dbl": -1.293192434400476, "weak": -1.5012341371941254}, "\u3067\u3093\u304d": {"res": 1.1661550190201309, "dbl": 0.1211039271782022, "weak": -0.484831965841026}, "\u3042\u304f": {"res": 1.1110451845039409, "dbl": 0.0, "weak": 0.8867442910286452}, "\u30b4\u30fc\u30b9\u30c8": {"res": 0.3082982645981751, "dbl": 2.567837232862237, "weak": -1.4679341630663765}}, "resist_count_coef": 0.48102567365765475, "fight_weak_pen": -8}