{"c": -1.1147859295239047, "d": 0.0007469184981902593}